Entry no.,PDB ID of swap,Hinge Region,Index in full seq. 1,Index in full seq. 2,Index in full seq. 3,Index in full seq. 4,Index in full seq. 5,Index in full seq. 6,Index in full seq. 7,Index in full seq. 8
0,11ba,TSAASS,Not found,None,None,None,None,None,None,None
1,11bg,GNSPSSS,15,None,None,None,None,None,None,None
2,1a2w,STSAASS,15,None,None,None,None,None,None,None
3,1a64,RKPFL,40,None,None,None,None,None,None,None
4,1aoj,LDDRRQ,28,None,None,None,None,None,None,None
5,1bh5,SDADPSTKDFLLQ,13,None,None,None,None,None,None,None
6,1bj3,QGKE,72,Not found,None,None,None,None,None,None
6,1bj3,NQCN,Not found,72,None,None,None,None,None,None
7,1bl9,GAP,20,None,None,None,None,None,None,None
8,1blb,RPIKVDSQE,81,None,None,None,None,None,None,None
9,1bsr,GNSPSSS,15,None,None,None,None,None,None,None
10,1buo,NPSHPTGLLCK,7,None,None,None,None,None,None,None
11,1byl,P,9,None,None,None,None,None,None,None
12,1cdc,AEFKRKMKPFL,36,None,None,None,None,None,None,None
13,1cks,HEPEPH,58,None,None,None,None,None,None,None
14,1cqz,TQVPCNPND,160,None,None,None,None,None,None,None
15,1cr6,TQVPCNPND,160,None,None,None,None,None,None,None
16,1cts,FPLERPK,416,None,None,None,None,None,None,None
17,1ddt,AYSPGHKT,366,None,None,None,None,None,None,None
18,1dud,VV,124,None,None,None,None,None,None,None
19,1dww,DFTCKSKSCLGSIM,24,None,None,None,None,None,None,None
20,1dxx,VMKNIMAGLQQTN,114,None,None,None,None,None,None,None
21,1dz3,KP,104,None,None,None,None,None,None,None
22,1e0j,SVGLLFSGCTGINDKTLGARGG,21,None,None,None,None,None,None,None
23,1e7d,VDYLEWLENLLTYLK,81,None,None,None,None,None,None,None
24,1e7l,VDYLEWLENLTYLK,77,None,None,None,None,None,None,None
25,1egg,YGG,73,None,None,None,None,None,None,None
26,1egi,YGG,71,None,None,None,None,None,None,None
27,1ek1,TQVPCNPND,164,None,None,None,None,None,None,None
28,1ek2,TQVPCNPND,160,None,None,None,None,None,None,None
29,1en7,AAEGQMKHKF,62,None,None,None,None,None,None,None
30,1f0v,KETAAAKFERQHMDSSTSAASSSNYCNQMMKSRNLTKDRCKPVNTFVHESLADVQAVCSQKNVACKNGQTNCYQSYSTMSITDCRETGSSKYPNCAYKTTQANKHIIVACEGNPYVPVHFDASVKETAAAKFERQHMDSSTSAASSSNYCNQMMKSRNLTKDRCKPVNTFVHESLADVQAVCSQKNVACKNGQTNCYQSYSTMSITDCRETGSSKYPNCAYKTTQANKHIIVACEGNPYVPVHFDASVKETAAAKFERQHMDSSTSAASSSNYCNQMMKSRNLTKDRCKPVNTFVHESLADVQAVCSQKNVACKNGQTNCYQSYSTMSITDCRETGSSKYPNCAYKTTQANKHIIVACEGNPYVPVHFDASVKETAAAKFERQHMDSSTSAASSSNYCNQMMKSRNLTKDRCKPVNTFVHESLADVQAVCSQKNVACKNGQTNCYQSYSTMSITDCRETGSSKYPNCAYKTTQANKHIIVACEGNPYVPVHFDASV,None,None,None,None,None,None,None,None
30,1f0v,GNPY,None,None,None,None,None,None,None,None
31,1f2n,LSSNLSSNLSSNLSSNLSSNLSSNLSSNLSSNLSSNLSSNLSSNLSSNLSSNLSSNLSSNLSSNLSSNLSSNLSSNLSSNLSSNLSSNLSSNLSSNLSSNLSSNLSSNLSSNLSSNLSSNLSSNLSSNLSSNLSSNLSSNLSSNLSSNLSSNLSSNLSSNLSSNLSSNLSSNLSSNLSSNLSSNLSSN,Not found,Not found,Not found,None,None,None,None,None
31,1f2n,LSSN,0,0,23,None,None,None,None,None
31,1f2n,LSSNLSSN,Not found,Not found,Not found,None,None,None,None,None
32,1f61,ASVVGTPKSAEQIQQEWDTNPRWKDVTRTYSAEDVVALQGSVVEEHTLARRGAEVLWEQLHDLEWVNALGALTGNMAVQQVRAGLKAIYLSGWQVAGDANLSGHTYPDQSLYPANSVPQVVRRINNALQRADQIAKIEGDTSVENWLAPIVADGEAGFGGALNVYELQKALIAAGVAGSHWEDQLASEKKCGHLGGKVLIPTQQHIRTLTSARLAADVADVPTVVIARTDAEAATLITSDVDERDQPFITGERTREGFYRTKNGIEPCIARAKAYAPFADLIWMETGTPDLEAARQFSEAVKAEYPDQMLAYNCSPSFNWKKHLDDATIAKFQKELAAMGFKFQFITL,0,None,None,None,None,None,None,None
33,1f8i,ASVVGTPKSAEQIQQEWDTNPRWKDVTRTYSAEDVVALQGSVVEEHTLARRGAEVLWEQLHDLEWVNALGALTGNMAVQQVRAGLKAIYLSGWQVAGDANLSGHTYPDQSLYPANSVPQVVRRINNALQRADQIAKIEGDTSVENWLAPIVADGEAGFGGALNVYELQKALIAAGVAGSHWEDQLASEKKSGHLGGKVLIPTQQHIRTLTSARLAADVADVPTVVIARTDAEAATLITSDVDERDQPFITGERTREGFYRTKNGIEPCIARAKAYAPFADLIWMETGTPDLEAARQFSEAVKAEYPDQMLAYNCSPSFNWKKHLDDATIAKFQKELAAMGFKFQFITL,0,None,None,None,None,None,None,None
34,1f8m,ASVVGTPKSAEQIQQEWDTNPRWKDVTRTYSAEDVVALQGSVVEEHTLARRGAEVLWEQLHDLEWVNALGALTGNMAVQQVRAGLKAIYLSGWQVAGDANLSGHTYPDQSLYPANSVPQVVRRINNALQRADQIAKIEGDTSVENWLAPIVADGEAGFGGALNVYELQKALIAAGVAGSHWEDQLASEKKCGHLGGKVLIPTQQHIRTLTSARLAADVADVPTVVIARTDAEAATLITSDVDERDQPFITGERTREGFYRTKNGIEPCIARAKAYAPFADLIWMETGTPDLEAARQFSEAVKAEYPDQMLAYNCSPSFNWKKHLDDATIAKFQKELAAMGFKFQFITL,0,None,None,None,None,None,None,None
35,1flo,YS,106,286,280,281,None,None,None,None
35,1flo,YGQKHQS,Not found,106,106,106,None,None,None,None
36,1fro,CSDADPSTKDF,11,None,None,None,None,None,None,None
37,1fyr,FLWVVKFNS,61,None,None,None,None,None,None,None
38,1fzr,IPA,28,None,None,None,None,None,None,None
39,1g5c,FRFRDLSDLKH,11,Not found,11,Not found,11,Not found,None,None
40,1g6u,EK,32,None,None,None,None,None,None,None
41,1g85,LNV,118,116,None,None,None,None,None,None
42,1g96,IVAG,46,None,None,None,None,None,None,None
43,1gme,AEVKKPEV,135,None,None,None,None,None,None,None
44,1gp9,KDYIRN,83,None,None,None,None,None,None,None
45,1gt1,LNVE,120,None,None,None,None,None,None,None
46,1gt3,LNVE,119,None,None,None,None,None,None,None
47,1gt4,LNVE,121,None,None,None,None,None,None,None
48,1gt5,LNVE,120,None,None,None,None,None,None,None
49,1h8x,GNSPSSS,15,None,None,None,None,None,None,None
50,1he7,HWC,14,None,None,None,None,None,None,None
51,1ht9,SLLKGMS,38,None,None,None,None,None,None,None
52,1hul,QKKKCGEE,77,None,None,None,None,None,None,None
53,1hw7,PAQNAQQ,172,None,None,None,None,None,None,None
54,1i1d,GF,5,None,None,None,None,None,None,None
55,1i21,GF,4,None,None,None,None,None,None,None
56,1i4m,VTTTTKGENF,70,None,None,None,None,None,None,None
57,1iip,RAAAEDADGAKLQPVA,255,255,None,None,None,None,None,None
58,1ilk,CHRFLPCENKS,98,None,None,None,None,None,None,None
59,1iod,KK,99,Not found,Not found,None,None,None,None,None
60,1ixx,VQGK,71,Not found,71,Not found,71,Not found,None,None
60,1ixx,WNQC,Not found,71,Not found,71,Not found,71,None,None
60,1ixx,VQGK,71,Not found,71,Not found,71,Not found,None,None
60,1ixx,WNQC,Not found,71,Not found,71,Not found,71,None,None
60,1ixx,VQGK,71,Not found,71,Not found,71,Not found,None,None
60,1ixx,WNQC,Not found,71,Not found,71,Not found,71,None,None
61,1j30,GGLTDPATDKPIGT,64,None,None,None,None,None,None,None
62,1j4v,WQPSNF,48,48,None,None,None,None,None,None
63,1jml,VPKA,52,None,None,None,None,None,None,None
64,1js0,GNPY,111,None,None,None,None,None,None,None
65,1jwi,ESKTQQ,67,Not found,None,None,None,None,None,None
65,1jwi,FWRICP,Not found,70,None,None,None,None,None,None
66,1jyu,WVV,65,None,None,None,None,None,None,None
67,1k04,QPAPPE,35,None,None,None,None,None,None,None
68,1k46,GNVAAN,27,None,None,None,None,None,None,None
70,1k50,ADKG,50,50,50,50,None,None,None,None
71,1k51,ADKA,52,None,None,None,None,None,None,None
72,1k6w,QPA,404,None,None,None,None,None,None,None
73,1k70,QPA,404,None,None,None,None,None,None,None
74,1k75,NTIIDWNSCTAEQQRQLLRPAISASESITRTVNDILDNVKARGDEALREYSAKFDKTTVTALKVSAEEIAAASERLSDELKQAAVAVKNIETFHTAQK,0,None,None,None,None,None,None,None
75,1k9u,STS,28,None,None,None,None,None,None,None
76,1kae,SFNTIIDWNSCTAEQQRQLLRPAISASESITRTVNDILDNVKARGDEALREYSAKFDKTTVTALKVSAEEIAAASERLSDELKQAAVAVKNIETFHTAQK,0,None,None,None,None,None,None,None
77,1kah,NTIIDWNSCTAEQQRQLLRPAISASESITRTVNDILDNVKARGDEALREYSAKFDKTTVTALKVSAEEIAAASERLSDELKQAAVAVKNIETFHTAQK,0,None,None,None,None,None,None,None
78,1kar,NTIIDWNSCTAEQQRQLLRPAISASESITRTVNDILDNVKARGDEALREYSAKFDKTTVTALKVSAEEIAAASERLSDELKQAAVAVKNIETFHTAQK,0,None,None,None,None,None,None,None
79,1kll,VE,9,None,None,None,None,None,None,None
80,1l5b,WQPSNF,48,None,None,None,None,None,None,None
81,1l5e,WQPSNF,48,48,None,None,None,None,None,None
82,1l5x,VDAHR,239,None,None,None,None,None,None,None
83,1l6w,IS,194,None,None,None,None,None,None,None
84,1lgp,NKL,40,None,None,None,None,None,None,None
85,1lgq,TSTSG,64,None,None,None,None,None,None,None
86,1lom,WQSPNF,48,None,None,None,None,None,None,None
87,1lss,VS,115,None,None,None,None,None,None,None
88,1lsu,IH,115,None,None,None,None,None,None,None
89,1lxe,DQPPKADEDP,30,None,None,None,None,None,None,None
90,1m0d,IPAS,28,None,None,None,None,None,None,None
91,1m0i,IPAS,28,None,None,None,None,None,None,None
92,1m3d,RKFSTM,50,None,None,None,None,None,None,None
93,1mfz,VEVAEIKYTCNVWHAAKVTFANEIGNIAKAV,200,None,None,None,None,None,None,None
94,1mi7,LT,40,None,None,None,None,None,None,None
95,1mn3,AKKS,34,None,None,None,None,None,None,None
96,1mo1,KTGLQ,9,None,None,None,None,None,None,None
97,1mu4,KTGL,10,None,None,None,None,None,None,None
98,1muu,VEVAEIKYTCNVWHAAKVTFANEIGNIAKAV,200,None,None,None,None,None,None,None
99,1mv8,VEVAEMIKYTCNVWHAAKVTFANEIGNIAKAV,202,None,None,None,None,None,None,None
100,1n1c,VQSHFPEPADH,110,None,None,None,None,None,None,None
101,1n9j,VAGT,47,47,None,None,None,None,None,None
102,1nir,AGCH,42,None,None,None,None,None,None,None
103,1nno,KGATGKP,51,None,None,None,None,None,None,None
104,1nnq,GKLG,62,None,None,None,None,None,None,None
105,1npb,DEARQYVPPQESDY,51,None,None,None,None,None,None,None
106,1npr,GVKPSK,180,None,None,None,None,None,None,None
107,1nqb,YDYYGSSYFDYWGQGTTVTVSS,97,None,None,None,None,None,None,None
108,1o4w,VGYL,108,None,None,None,None,None,None,None
109,1o5o,RHLK,46,None,None,None,None,None,None,None
110,1o5q,YP,219,None,None,None,None,None,None,None
111,1obp,KLNV,119,118,None,None,None,None,None,None
112,1om3,P,40,40,6,6,None,None,None,None
113,1op3,P,40,6,6,40,None,None,None,None
114,1op5,P,40,6,6,40,None,None,None,None
115,1oqf,YPLS,233,None,None,None,None,None,None,None
116,1osy,KIDFDYTP,14,None,None,None,None,None,None,None
117,1ow6,PAP,28,35,35,None,None,None,None,None
118,1oy0,GFSGAKTARFVKRYAD,206,None,None,None,None,None,None,None
119,1p3q,AAAS,34,16,Not found,Not found,None,None,None,None
120,1p93,DKTMSIEFP,212,210,212,212,Not found,None,None,None
121,1puc,YEVHVPEP,83,None,None,None,None,None,None,None
122,1pwk,VTHETVTHETVTHETVTHETVTHETVTHETVTHETVTHETVTHETVTHETVTHETVTHETVTHETVTHETVTHETVTHETVTHETVTHETVTHETVTHET,Not found,None,None,None,None,None,None,None
123,1pym,DKIVS,255,None,None,None,None,None,None,None
124,1q10,AVAVAVAVAVAVAVAVAVAVAVAVAVAVAVAVAVAVAVAVAVAVAVAVAVAVAVAVAVAVAVAVAVAVAVAVAVAVAVAV,Not found,Not found,None,None,None,None,None,None
125,1q8m,RAA,3,None,None,None,None,None,None,None
126,1qb3,HYECHAPEPHILLFKRPLNYEAELRAATAAAQ,81,None,None,None,None,None,None,None
127,1qom,TCKSKSCLG,26,None,None,None,None,None,None,None
128,1qq2,VQA,157,None,None,None,None,None,None,None
129,1qwi,FEGEKGT,38,None,None,None,None,None,None,None
130,1qx5,NGYIS,95,None,None,None,None,None,None,None
131,1qx7,NGYIS,90,None,None,None,None,None,None,None
132,1r4c,IVAG,45,None,None,None,None,None,None,None
133,1r5c,RKM,32,None,None,None,None,None,None,None
134,1r5d,RKM,32,None,None,None,None,None,None,None
135,1r7h,YVQ,47,None,None,None,None,None,None,None
136,1r8j,GYLGVYYKR,154,None,None,None,None,None,None,None
137,1r9x,QPA,404,None,None,None,None,None,None,None
138,1r9y,QPA,404,None,None,None,None,None,None,None
139,1r9z,QPA,404,None,None,None,None,None,None,None
140,1s8o,IQLLNTPAPLPTSCNP,215,None,None,None,None,None,None,None
141,1sb2,KGQRSN,74,Not found,None,None,None,None,None,None
141,1sb2,RNLKWT,Not found,70,None,None,None,None,None,None
142,1sce,HVPEPH,82,None,None,None,None,None,None,None
143,1sgk,YSPGHKT,367,None,None,None,None,None,None,None
144,1sjv,DT,76,None,None,None,None,None,None,None
145,1snd,TH,107,None,None,None,None,None,None,None
147,1sva,KNPYP,282,282,282,283,281,281,None,None
148,1t92,IG,100,None,None,None,None,None,None,None
149,1t98,DFS,11,None,None,None,None,None,None,None
150,1tij,IVAG,49,None,None,None,None,None,None,None
151,1tq9,GNSPSSS,15,None,None,None,None,None,None,None
152,1tuw,KA,95,None,None,None,None,None,None,None
153,1u0r,RL,113,None,None,None,None,None,None,None
154,1u0t,RL,98,None,None,None,None,None,None,None
155,1u4n,FP,34,34,None,None,None,None,None,None
156,1u7h,ALEDYTVLRYVLQQAEKRGGTKIDLVP,288,None,None,None,None,None,None,None
157,1ukm,RREEQQ,72,Not found,None,None,None,None,None,None
157,1ukm,KWEWSD,Not found,74,None,None,None,None,None,None
158,1vj5,IQLLPAPLPTSCNPSD,217,None,None,None,None,None,None,None
159,1w58,KA,14,None,None,None,None,None,None,None
160,1w5f,KRGYIR,191,None,None,None,None,None,None,None
161,1wkq,KPAEERT,122,None,None,None,None,None,None,None
162,1wwa,HH,15,None,None,None,None,None,None,None
163,1wwb,SD,14,None,None,None,None,None,None,None
164,1wwc,LE,10,None,None,None,None,None,None,None
165,1x0g,ECGD,25,None,None,None,None,None,None,None
166,1x2w,QGKE,72,Not found,None,None,None,None,None,None
166,1x2w,NQCN,Not found,72,None,None,None,None,None,None
167,1x7d,ALEDYTVLRYVLQQAEKRGGTKIDLVP,288,None,None,None,None,None,None,None
168,1xcb,GL,74,None,None,None,None,None,None,None
169,1xiu,DQ,60,61,60,61,Not found,Not found,Not found,Not found
170,1xml,YLRQDLR,98,None,None,None,None,None,None,None
171,1xmm,YLRQDLR,94,None,None,None,None,None,None,None
172,1xuu,KKDTIIAGEKP,272,None,None,None,None,None,None,None
173,1xuz,ARGGKKDTIIA,268,None,None,None,None,None,None,None
174,1y50,SLGI,50,None,None,None,None,None,None,None
175,1y7q,YQEVSGPYQEVSGPYQEVSGPYQEVSGPYQEVSGPYQEVSGPYQEVSGPYQEVSGPYQEVSGPYQEVSGPYQEVSGPYQEVSGPYQEVSGPYQEVSGPYQEVSGPYQEVSGPYQEVSGPYQEVSGPYQEVSGPYQEVSGP,Not found,Not found,None,None,None,None,None,None
176,1y8n,HYKT,350,Not found,350,Not found,None,None,None,None
177,1y8o,HYKT,350,Not found,350,Not found,None,None,None,None
178,1y8p,HYKT,357,Not found,357,Not found,None,None,None,None
179,1y92,GSS,15,None,None,None,None,None,None,None
180,1y94,STSAASS,15,None,None,None,None,None,None,None
181,1yfb,GIAEK,27,None,None,None,None,None,None,None
182,1ygt,KNGAG,62,None,None,None,None,None,None,None
183,1ysf,GIAEKGIAEKGIAEKGIAEKGIAEKGIAEKGIAEKGIAEKGIAEKGIAEKGIAEKGIAEKGIAEKGIAEKGIAEKGIAEKGIAEKGIAEKGIAEKGIAEKGIAEKGIAEK,Not found,None,None,None,None,None,None,None
184,1yvs,ASKGN,34,None,None,None,None,None,None,None
185,1zd2,IQLLPAPLPTSCNPSD,217,None,None,None,None,None,None,None
186,1zd3,IQLLPAPLPTSCNPSD,217,None,None,None,None,None,None,None
187,1zd4,IQLLPAPLPTSCNPSD,217,None,None,None,None,None,None,None
188,1zd5,IQLLPAPLPTSCNPSD,217,None,None,None,None,None,None,None
189,1zls,P,6,40,40,6,None,None,None,None
190,1zlu,P,40,6,6,40,None,None,None,None
191,1zlv,P,40,6,6,40,None,None,None,None
192,1zlw,P,40,6,6,40,None,None,None,None
193,1zv1,DA,30,None,None,None,None,None,None,None
194,1zvn,EEY,11,None,None,None,None,None,None,None
195,1zxk,LEEF,9,None,None,None,None,None,None,None
196,2a07,RRNA,39,None,None,None,None,None,None,None
197,2a4e,EEY,11,None,None,None,None,None,None,None
198,2a5h,GKTP,325,None,None,None,None,None,None,None
199,2a62,VLEE,8,None,None,None,None,None,None,None
200,2a9u,KIS,24,None,None,None,None,None,None,None
201,2ahr,ISEKDF,144,None,None,None,None,None,None,None
202,2ak7,KTGLQ,10,None,None,None,None,None,None,None
203,2amf,ISEKDF,149,None,None,None,None,None,None,None
204,2aoa,FLWVVKFNS,61,None,None,None,None,None,None,None
205,2aob,F,5,2,5,2,None,None,None,None
206,2b48,DKEMQV,98,None,None,None,None,None,None,None
207,2bb2,IKVDSQEH,80,None,None,None,None,None,None,None
208,2bh8,KSIT,54,None,None,None,None,None,None,None
209,2bi4,NE,7,None,None,None,None,None,None,None
210,2bl4,NE,7,None,None,None,None,None,None,None
211,2c3b,SRKHDKKG,70,None,None,None,None,None,None,None
212,2c5j,DENED,54,None,None,None,None,None,None,None
213,2cn4,GGFYGG,41,None,None,None,None,None,None,None
214,2co3,PQD,9,None,None,None,None,None,None,None
215,2di3,PGQALSLSVTL,74,None,None,None,None,None,None,None
216,2dsb,RTTRKEQTAD,37,None,None,None,None,None,None,None
217,2dsc,RTTRKEQTAD,37,None,None,None,None,None,None,None
218,2dsd,RTTRKEQTAD,37,None,None,None,None,None,None,None
219,2dwk,FC,141,141,141,141,None,None,None,None
220,2dxl,LAH,2,None,None,None,None,None,None,None
221,2es0,GG,91,None,None,None,None,None,None,None
222,2fi2,RPEVRSRPEVRSRPEVRSRPEVRSRPEVRSRPEVRSRPEVRSRPEVRSRPEVRSRPEVRSRPEVRSRPEVRSRPEVRSRPEVRSRPEVRSRPEVRSRPEVRSRPEVRSRPEVRSRPEVRS,Not found,Not found,None,None,None,None,None,None
223,2fpn,LDDN,130,None,None,None,None,None,None,None
224,2fqm,LAE,47,None,None,None,None,None,None,None
225,2fzn,NASGR,52,None,None,None,None,None,None,None
226,2gh8,FS,41,38,41,None,None,None,None,None
226,2gh8,FSFS,Not found,Not found,Not found,None,None,None,None,None
227,2gsy,KIAKIA,Not found,None,None,None,None,None,None,None
228,2gty,SS,18,None,None,None,None,None,None,None
229,2guc,SS,17,None,None,None,None,None,None,None
230,2gud,SS,17,None,None,None,None,None,None,None
231,2gue,SS,18,None,None,None,None,None,None,None
232,2gux,SS,19,None,None,None,None,None,None,None
233,2gza,GFFKHVRPMSKSLTP,116,None,None,None,None,None,None,None
234,2h46,WVV,66,None,None,None,None,None,None,None
235,2h5k,WVV,64,64,Not found,64,64,Not found,None,None
236,2hax,G,3,3,None,None,None,None,None,None
236,2hax,EG,20,20,None,None,None,None,None,None
237,2hj1,SN,43,None,None,None,None,None,None,None
238,2hkn,GKG,15,None,None,None,None,None,None,None
239,2hn1,GDSTLI,185,None,None,None,None,None,None,None
240,2hsn,EPF,53,Not found,53,Not found,None,None,None,None
240,2hsn,NTF,Not found,53,Not found,53,None,None,None,None
240,2hsn,EPF,53,Not found,53,Not found,None,None,None,None
240,2hsn,NTF,Not found,53,Not found,53,None,None,None,None
241,2hyq,SS,18,None,None,None,None,None,None,None
242,2hyr,SS,18,None,None,None,None,None,None,None
243,2hzk,FRS,294,None,None,None,None,None,None,None
244,2hzl,SNP,288,None,None,None,None,None,None,None
245,2iey,TV,37,None,None,None,None,None,None,None
246,2if0,TT,17,None,None,None,None,None,None,None
247,2iv0,GI,36,None,None,None,None,None,None,None
248,2j6g,TGL,31,None,None,None,None,None,None,None
249,2j6r,YRQ,19,None,None,None,None,None,None,None
250,2nlu,EMPEAAVKSTANKEMPEAAVKSTANKEMPEAAVKSTANKEMPEAAVKSTANKEMPEAAVKSTANKEMPEAAVKSTANKEMPEAAVKSTANKEMPEAAVKSTANKEMPEAAVKSTANKEMPEAAVKSTANKEMPEAAVKSTANKEMPEAAVKSTANKEMPEAAVKSTANKEMPEAAVKSTANKEMPEAAVKSTANKEMPEAAVKSTANK,Not found,Not found,None,None,None,None,None,None
251,2nsn,YVD,81,None,None,None,None,None,None,None
252,2nu5,SS,17,17,None,None,None,None,None,None
253,2nuo,SS,18,18,None,None,None,None,None,None
254,2nz7,DAYVD,81,None,None,None,None,None,None,None
255,2oct,VVAG,45,None,None,None,None,None,None,None
256,2ont,AEQSQ,26,None,None,None,None,None,None,None
257,2oqr,ARDSEIDKVVGLEL,79,None,None,None,None,None,None,None
258,2osg,IFVKEMTRTGLATKDGNLHEGDIILKINGTVTENMSLTDARKLIEKSRGKLQLVVLRDSLEIFVKEMTRTGLATKDGNLHEGDIILKINGTVTENMSLTDARKLIEKSRGKLQLVVLRDSLEIFVKEMTRTGLATKDGNLHEGDIILKINGTVTENMSLTDARKLIEKSRGKLQLVVLRDSLEIFVKEMTRTGLATKDGNLHEGDIILKINGTVTENMSLTDARKLIEKSRGKLQLVVLRDSLEIFVKEMTRTGLATKDGNLHEGDIILKINGTVTENMSLTDARKLIEKSRGKLQLVVLRDSLEIFVKEMTRTGLATKDGNLHEGDIILKINGTVTENMSLTDARKLIEKSRGKLQLVVLRDSLEIFVKEMTRTGLATKDGNLHEGDIILKINGTVTENMSLTDARKLIEKSRGKLQLVVLRDSLEIFVKEMTRTGLATKDGNLHEGDIILKINGTVTENMSLTDARKLIEKSRGKLQLVVLRDSLEIFVKEMTRTGLATKDGNLHEGDIILKINGTVTENMSLTDARKLIEKSRGKLQLVVLRDSLEIFVKEMTRTGLATKDGNLHEGDIILKINGTVTENMSLTDARKLIEKSRGKLQLVVLRDSLEIFVKEMTRTGLATKDGNLHEGDIILKINGTVTENMSLTDARKLIEKSRGKLQLVVLRDSLEIFVKEMTRTGLATKDGNLHEGDIILKINGTVTENMSLTDARKLIEKSRGKLQLVVLRDSLEIFVKEMTRTGLATKDGNLHEGDIILKINGTVTENMSLTDARKLIEKSRGKLQLVVLRDSLEIFVKEMTRTGLATKDGNLHEGDIILKINGTVTENMSLTDARKLIEKSRGKLQLVVLRDSLEIFVKEMTRTGLATKDGNLHEGDIILKINGTVTENMSLTDARKLIEKSRGKLQLVVLRDSLEIFVKEMTRTGLATKDGNLHEGDIILKINGTVTENMSLTDARKLIEKSRGKLQLVVLRDSLEIFVKEMTRTGLATKDGNLHEGDIILKINGTVTENMSLTDARKLIEKSRGKLQLVVLRDSLEIFVKEMTRTGLATKDGNLHEGDIILKINGTVTENMSLTDARKLIEKSRGKLQLVVLRDSLEIFVKEMTRTGLATKDGNLHEGDIILKINGTVTENMSLTDARKLIEKSRGKLQLVVLRDSLEIFVKEMTRTGLATKDGNLHEGDIILKINGTVTENMSLTDARKLIEKSRGKLQLVVLRDSLE,Not found,Not found,None,None,None,None,None,None
258,2osg,MIGVLLMKSRANEEYGLRLGSQIFVKEMTRTGLATKDGNLHEGDIILKINGTVTENMSLTDARKLIEKSRGKLQLVVLRDSLEMIGVLLMKSRANEEYGLRLGSQIFVKEMTRTGLATKDGNLHEGDIILKINGTVTENMSLTDARKLIEKSRGKLQLVVLRDSLEMIGVLLMKSRANEEYGLRLGSQIFVKEMTRTGLATKDGNLHEGDIILKINGTVTENMSLTDARKLIEKSRGKLQLVVLRDSLEMIGVLLMKSRANEEYGLRLGSQIFVKEMTRTGLATKDGNLHEGDIILKINGTVTENMSLTDARKLIEKSRGKLQLVVLRDSLEMIGVLLMKSRANEEYGLRLGSQIFVKEMTRTGLATKDGNLHEGDIILKINGTVTENMSLTDARKLIEKSRGKLQLVVLRDSLEMIGVLLMKSRANEEYGLRLGSQIFVKEMTRTGLATKDGNLHEGDIILKINGTVTENMSLTDARKLIEKSRGKLQLVVLRDSLEMIGVLLMKSRANEEYGLRLGSQIFVKEMTRTGLATKDGNLHEGDIILKINGTVTENMSLTDARKLIEKSRGKLQLVVLRDSLEMIGVLLMKSRANEEYGLRLGSQIFVKEMTRTGLATKDGNLHEGDIILKINGTVTENMSLTDARKLIEKSRGKLQLVVLRDSLEMIGVLLMKSRANEEYGLRLGSQIFVKEMTRTGLATKDGNLHEGDIILKINGTVTENMSLTDARKLIEKSRGKLQLVVLRDSLEMIGVLLMKSRANEEYGLRLGSQIFVKEMTRTGLATKDGNLHEGDIILKINGTVTENMSLTDARKLIEKSRGKLQLVVLRDSLEMIGVLLMKSRANEEYGLRLGSQIFVKEMTRTGLATKDGNLHEGDIILKINGTVTENMSLTDARKLIEKSRGKLQLVVLRDSLEMIGVLLMKSRANEEYGLRLGSQIFVKEMTRTGLATKDGNLHEGDIILKINGTVTENMSLTDARKLIEKSRGKLQLVVLRDSLEMIGVLLMKSRANEEYGLRLGSQIFVKEMTRTGLATKDGNLHEGDIILKINGTVTENMSLTDARKLIEKSRGKLQLVVLRDSLEMIGVLLMKSRANEEYGLRLGSQIFVKEMTRTGLATKDGNLHEGDIILKINGTVTENMSLTDARKLIEKSRGKLQLVVLRDSLEMIGVLLMKSRANEEYGLRLGSQIFVKEMTRTGLATKDGNLHEGDIILKINGTVTENMSLTDARKLIEKSRGKLQLVVLRDSLEMIGVLLMKSRANEEYGLRLGSQIFVKEMTRTGLATKDGNLHEGDIILKINGTVTENMSLTDARKLIEKSRGKLQLVVLRDSLEMIGVLLMKSRANEEYGLRLGSQIFVKEMTRTGLATKDGNLHEGDIILKINGTVTENMSLTDARKLIEKSRGKLQLVVLRDSLEMIGVLLMKSRANEEYGLRLGSQIFVKEMTRTGLATKDGNLHEGDIILKINGTVTENMSLTDARKLIEKSRGKLQLVVLRDSLEMIGVLLMKSRANEEYGLRLGSQIFVKEMTRTGLATKDGNLHEGDIILKINGTVTENMSLTDARKLIEKSRGKLQLVVLRDSLEMIGVLLMKSRANEEYGLRLGSQIFVKEMTRTGLATKDGNLHEGDIILKINGTVTENMSLTDARKLIEKSRGKLQLVVLRDSLE,0,0,None,None,None,None,None,None
259,2oya,GTNR,11,None,None,None,None,None,None,None
260,2p1j,GLGPFRH,136,None,None,None,None,None,None,None
261,2p1l,GYSW,19,Not found,19,Not found,19,19,Not found,None
262,2p67,RQ,13,None,None,None,None,None,None,None
263,2pa7,EENKNIPFSIK,20,None,None,None,None,None,None,None
264,2pae,EENKNIPFSIK,21,None,None,None,None,None,None,None
265,2pah,DNTQQ,301,None,None,None,None,None,None,None
266,2pak,EENKNIPFSIK,20,None,None,None,None,None,None,None
267,2pam,EENKNIPFSIK,20,None,None,None,None,None,None,None
268,2pjw,DL,61,1,None,None,None,None,None,None
268,2pjw,SDE,Not found,3,None,None,None,None,None,None
269,2pqm,IYH,11,None,None,None,None,None,None,None
270,2qdn,PDLP,113,None,None,None,None,None,None,None
271,2qyp,N,20,None,None,None,None,None,None,None
272,2rcz,YGLRL,14,None,None,None,None,None,None,None
273,2spc,NHYA,72,None,None,None,None,None,None,None
274,2vaj,LS,6,6,None,None,None,None,None,None
275,2vty,LD,18,None,None,None,None,None,None,None
276,2w1t,YSPISEL,46,44,None,None,None,None,None,None
277,2z4h,LDREGNPIESQFNYTLEAAQSSLPMTP,79,79,None,None,None,None,None,None
278,2z4i,LDREGNPIESQFNYTLEAAQSSLPTP,77,76,None,None,None,None,None,None
279,2z9a,N,19,None,None,None,None,None,None,None
281,2znh,VTFKANR,377,None,None,None,None,None,None,None
282,3b9i,PDLP,116,None,None,None,None,None,None,None
283,3bco,GNSASSS,15,None,None,None,None,None,None,None
284,3bcp,GNSASSS,15,None,None,None,None,None,None,None
285,3bm5,GGT,20,None,None,None,None,None,None,None
286,3cyy,YGLRL,15,15,Not found,Not found,None,None,None,None
288,3eot,TISG,49,None,None,None,None,None,None,None
289,3ezm,WQPSNF,47,None,None,None,None,None,None,None
291,5cro,V,24,None,None,None,None,None,None,None
292,7cat,ERIPE,63,None,None,None,None,None,None,None
